0.000000000000000000e+00,-1.000000000000000000e+00,0.000000000000000000e+00,0.000000000000000000e+00,0.000000000000000000e+00,0.000000000000000000e+00
0.000000000000000000e+00,-1.000000000000000000e+00,0.000000000000000000e+00,0.000000000000000000e+00,0.000000000000000000e+00,0.000000000000000000e+00
3.225863832694914252e-04,-9.985227078304633741e-01,-1.704671057888471411e-03,2.914003633646097043e-04,1.742941667221696480e-04,-6.402147501272501169e-05
9.667657369790720254e-04,-9.955683459589360629e-01,-5.113543326663295280e-03,8.738801755944341229e-04,5.223608143705976833e-04,-1.920382016379475025e-04
1.929588680826750322e-03,-9.911319223418092461e-01,-1.023779907439185261e-02,1.753336945987190795e-03,1.042667460637926834e-03,-3.839455406144851013e-04
3.206152294604602306e-03,-9.852033009942536834e-01,-1.710004626053883772e-02,2.941727185933416984e-03,1.732670732887529267e-03,-6.395519824070914705e-04
4.789600103114475052e-03,-9.777673095551345783e-01,-2.573396231544489154e-02,4.456809672032005509e-03,2.588813719038087022e-03,-9.585619766379776564e-04
6.671120114598833029e-03,-9.688038908245706349e-01,-3.618378622041456411e-02,6.321776582279242489e-03,3.606521045217417169e-03,-1.340550271077906898e-03
8.839941531411267886e-03,-9.582883092276039960e-01,-4.850362447139286437e-02,8.564749208415566029e-03,4.780192034134300369e-03,-1.784928091761108556e-03
1.128333098081761750e-02,-9.461914270221210010e-01,-6.275652426369321413e-02,1.121810667233509584e-02,6.103192430112074768e-03,-2.290901658550605242e-03
1.398658950117078435e-02,-9.324800686449319365e-01,-7.901325574124881679e-02,1.431760833515701575e-02,7.567845397939894705e-03,-2.857423773495021066e-03
1.693305212039529495e-02,-9.171174945101844278e-01,-9.735073543254836592e-02,1.790126406035524864e-02,9.165422845189716283e-03,-3.483139567576618197e-03
2.010409273314960055e-02,-9.000640072216476995e-01,-1.178500167857540609e-01,2.200790231841869699e-02,1.088613861256228221e-02,-4.166327969145395931e-03
2.347913815534418205e-02,-8.812777126156556839e-01,-1.405937736254572190e-01,2.667538600083357858e-02,1.271914574596511895e-02,-4.904841082344729188e-03
2.703569670055719701e-02,-8.607154540837526069e-01,-1.656632119001856251e-01,3.193843202784884400e-02,1.465254090539280449e-02,-5.696044438034487956e-03
3.074940829059185504e-02,-8.383339297720219241e-01,-1.931343684895822366e-01,3.782600610957917442e-02,1.667337993227432924e-02,-6.536761974437439032e-03
3.459412476146600524e-02,-8.140909870661768855e-01,-2.230737973594766888e-01,4.435829109104236223e-02,1.876770957041395266e-02,-7.423230542165076135e-03
3.854203026391529729e-02,-7.879470662740351017e-01,-2.555337060239211699e-01,5.154326810143282367e-02,2.092062110091456872e-02,-8.351069562607756416e-03
4.256381190281600946e-02,-7.598667358365146507e-01,-2.905466888916042878e-01,5.937300405973748585e-02,2.311633188546203393e-02,-9.315271975339791538e-03
4.662888928959463969e-02,-7.298202270503945099e-01,-3.281203027102376213e-01,6.781980310170079851e-02,2.533830010703767149e-02,-1.031022249673873431e-02
5.070570777995797584e-02,-6.977848423450988546e-01,-3.682318291191569171e-01,7.683244425745477946e-02,2.756937593972188724e-02,-1.132974816632479828e-02
5.476209339885723670e-02,-6.637460857909408540e-01,-4.108236479910835071e-01,8.633277894788420059e-02,2.979198870141158695e-02,-1.236720394287705790e-02
5.876565800926751570e-02,-6.276983577766078737e-01,-4.557996749964146055e-01,9.621298187597485119e-02,3.198836431928589463e-02,-1.341559270057965554e-02
6.268423229078995407e-02,-5.896450768770139517e-01,-5.030232717661010655e-01,1.063337213053451302e-01,3.414076126159243385e-02,-1.446771467257543242e-02
6.648629367620584318e-02,-5.495981452419778091e-01,-5.523169040403833607e-01,1.165234314654381154e-01,3.623170711596963856e-02,-1.551633688546410345e-02
7.014134926956862304e-02,-5.075767553109992170e-01,-6.034636122349843479e-01,1.265787376405550502e-01,3.824421374019525838e-02,-1.655436939541933897e-02
7.362023242773334253e-02,-4.636056315775898828e-01,-6.562101067174311853e-01,1.362659272236098063e-01,4.016194779786456948e-02,-1.757503315682633696e-02
7.689527738208046248e-02,-4.177128910261000971e-01,-7.102710628588669861e-01,1.453232136860679313e-01,4.196933628399850819e-02,-1.857200475902617484e-02
7.994034834627966601e-02,-3.699277692060553013e-01,-7.653340260761833935e-01,1.534634417929562344e-01,4.365159305525266598e-02,-1.953952605218099367e-02
8.273071549668115088e-02,-3.202784826594740064e-01,-8.210642825968772485e-01,1.603768557065236300e-01,4.519466107957303969e-02,-2.047247116463544667e-02
8.524278656198436277e-02,-2.687904817141565372e-01,-8.771091127822293609e-01,1.657336001939878900e-01,4.658507421383234481e-02,-2.136636846304655266e-02
8.745371636625194622e-02,-2.154853012131011381e-01,-9.331009938311203289e-01,1.691857320140409404e-01,4.780975003742746893e-02,-2.221737945793621216e-02
8.934092573081467425e-02,-1.603801576576218135e-01,-9.886595123807842000e-01,1.703686549953502549e-01,4.885573056471948644e-02,-2.302223968415657504e-02
9.088156557765686427e-02,-1.034883862072696753e-01,-1.043391939217537256e+00,1.689020291932547546e-01,4.970989042721773304e-02,-2.377816788252219010e-02
9.205196323097034061e-02,-4.482077121803525188e-02,-1.096892575457011798e+00,1.643903207330030813e-01,5.035863305462102979e-02,-2.448274955268937500e-02
9.282708786477596175e-02,1.561219666555974106e-02,-1.148741087766415703e+00,1.564232444405123656e-01,5.078759562231609931e-02,-2.513379961979525512e-02
9.318007291994145902e-02,7.779710807872083911e-02,-1.198500110568178734e+00,1.445764050973044890e-01,5.098138425244520128e-02,-2.572920714585523461e-02
9.308183680326624632e-02,1.417134330440186496e-01,-1.245712415702585840e+00,1.284124687992144742e-01,5.092336311287771339e-02,-2.626676327998637983e-02
9.250085027402139837e-02,2.073282894138933075e-01,-1.289897947106258158e+00,1.074831974877762109e-01,5.059552523096784438e-02,-2.674397246125302663e-02
9.140310974566813462e-02,2.745901438195954003e-01,-1.330550999907456955e+00,8.133265878607695565e-02,4.997847912487714955e-02,-2.715784668736756155e-02
8.975238932036098960e-02,3.434214269395126640e-01,-1.367137796012481976e+00,4.950187767740407696e-02,4.905159323680596123e-02,-2.750468384582635539e-02
8.751085826451852900e-02,4.137100898652140146e-01,-1.399094673556603441e+00,1.153512081218931867e-02,4.779334825081998916e-02,-2.777983407601255020e-02
8.464016020455383815e-02,4.853002056523364471e-01,-1.425827063985145804e+00,-3.301210935935915136e-02,4.618195307241001329e-02,-2.797746325776051188e-02
8.110304803741380519e-02,5.579818351838317092e-01,-1.446709374344148591e+00,-8.456345308684856676e-02,4.419627922623686062e-02,-2.809033020911328241e-02
7.686564350602989593e-02,6.314805317747259616e-01,-1.461085818550269755e+00,-1.435107397875483304e-01,4.181715441136335532e-02,-2.810960385744884146e-02
7.190032905826432286e-02,7.054470518726037032e-01,-1.468272143301548649e+00,-2.102022685311297490e-01,3.902902109361975486e-02,-2.802475772916818847e-02
6.618916925922387062e-02,7.794480579165112832e-01,-1.467558061928334379e+00,-2.849312175784291523e-01,3.582190284385742413e-02,-2.782358995911303826e-02
5.972759549676332630e-02,8.529588165085481011e-01,-1.458210026917368340e+00,-3.679254586028024576e-01,3.219352701978148851e-02,-2.749242520551918242e-02
5.252788800607079145e-02,9.253590593681607634e-01,-1.439473715257868047e+00,-4.593404634683315724e-01,2.815133683314822652e-02,-2.701655745027575772e-02
4.462180539664532819e-02,9.959332047933169285e-01,-1.410575241683401648e+00,-5.592573914422249715e-01,2.371401856510355760e-02,-2.638098695541969685e-02
3.606163580678853342e-02,1.063875926771312264e+00,-1.370719634505899620e+00,-6.676887518213283634e-01,1.891212355915970408e-02,-2.557148898123413200e-02
2.691908729085643742e-02,1.128303504952541392e+00,-1.319084528090618935e+00,-7.845941278918394657e-01,1.378744423752431905e-02,-2.457602666767587374e-02
1.728187569061431436e-02,1.188270459299595627e+00,-1.254806451350322982e+00,-9.099081711815765194e-01,8.391053895649017505e-03,-2.338649008890100744e-02
7.248579337830469982e-03,1.242789803869474241e+00,-1.176956773490152042e+00,-1.043582283094253604e+00,2.780326168702867279e-03,-2.200072019654055605e-02
-3.076855009653411618e-03,1.290854252416722137e+00,-1.084504805924459525e+00,-1.185639952155462584e+00,-2.984285003737018223e-03,-2.042478689967786379e-02
-1.358891518173527095e-02,1.331455665485116180e+00,-9.762678050585363865e-01,-1.336243285962920968e+00,-8.841554464711097461e-03,-1.867558284697858062e-02
-2.418039967417656005e-02,1.363602378020729811e+00,-8.508542406934949121e-01,-1.495763667314229162e+00,-1.472963333302388517e-02,-1.678404286509959514e-02
-3.473694079261555739e-02,1.386341742688522949e+00,-7.066245061937475036e-01,-1.664838734669796816e+00,-2.058325891763984963e-02,-1.479981361062897120e-02
-4.512861804804392529e-02,1.398815269236354686e+00,-5.417401931565006823e-01,-1.844370013925837659e+00,-2.632942413837057252e-02,-1.279914875409522007e-02
-5.521591938404771249e-02,1.400422453229166253e+00,-3.544916918100085024e-01,-2.035344370065237385e+00,-3.189107057236246351e-02,-1.089939321521714473e-02
-6.493744960860275972e-02,1.391273603306711237e+00,-1.443534944944711018e-01,-2.238207026523661991e+00,-3.723575325975291006e-02,-9.285229122502128979e-03
-7.467277969525540349e-02,1.373239987105511650e+00,8.546552715239971731e-02,-2.451332809901445309e+00,-4.257454908633969554e-02,-8.248887226249753193e-03
-8.613279901814385742e-02,1.351573409126401559e+00,3.240657413701685252e-01,-2.668700323409221475e+00,-4.884715374244703173e-02,-8.216798514016089225e-03
-1.029636933062975102e-01,1.334976554295277840e+00,5.527201211658188118e-01,-2.879970488759727054e+00,-5.804835729673792077e-02,-9.657489375313722813e-03
-1.282524162892166586e-01,1.330977654069818161e+00,7.558174572846609873e-01,-3.077020715676423990e+00,-7.187323109907033103e-02,-1.283405139943154596e-02
-1.610911415917944955e-01,1.341834175449062805e+00,9.297526136070208835e-01,-3.258697689679265874e+00,-8.985687323949478889e-02,-1.773509434783804295e-02
-1.981028396040271922e-01,1.366565502004047694e+00,1.077569512652416739e+00,-3.427287292840476951e+00,-1.101943738771626047e-01,-2.422138158512879280e-02
-2.362973433894152431e-01,1.403637261458179575e+00,1.202877450309347118e+00,-3.585039013754034887e+00,-1.312788197205629337e-01,-3.208817921154733660e-02
-2.738937074538921879e-01,1.451733307648821247e+00,1.308246968924733578e+00,-3.733341376535826761e+00,-1.521474242800953391e-01,-4.109689778799784088e-02
-3.100072159660541837e-01,1.509721229806142873e+00,1.395314785428650506e+00,-3.872808381756798202e+00,-1.723162298010530447e-01,-5.100855257431512885e-02
-3.442059201685672143e-01,1.576508915780626685e+00,1.465116185196699394e+00,-4.003478605623467246e+00,-1.915420767393599399e-01,-6.159631976695499611e-02
-3.762288630196286010e-01,1.650954469108977696e+00,1.518343245887737503e+00,-4.124988223990013303e+00,-2.096700506387374763e-01,-7.264270312041555544e-02
-4.058608786153330983e-01,1.731838748047367593e+00,1.555521256386338980e+00,-4.236721116008904886e+00,-2.265652177615463392e-01,-8.393553077287048414e-02
-4.329064043848918075e-01,1.817885823248865051e+00,1.577126860815349252e+00,-4.337946269645533981e+00,-2.420987574398740239e-01,-9.527063009692562923e-02
-4.572125377696272253e-01,1.907814833485876882e+00,1.583661660678538308e+00,-4.427941137663224502e+00,-2.561620826359048420e-01,-1.064618596160696040e-01
-4.787037937689755385e-01,2.000405758159027325e+00,1.575688601750729223e+00,-4.506092143902973746e+00,-2.686883424629025185e-01,-1.173543255496329041e-01
-4.974036438431084228e-01,2.094562272311326634e+00,1.553838210518184937e+00,-4.571963504409757739e+00,-2.796669455805084747e-01,-1.278348869952506683e-01
-5.134328798434444341e-01,2.189359245402229703e+00,1.518793422465954501e+00,-4.625330904943135479e+00,-2.891447860273181347e-01,-1.378357233255142200e-01
-5.269883357004140345e-01,2.284069384241110612e+00,1.471261988449960256e+00,-4.666183097030092597e+00,-2.972155950377570743e-01,-1.473303364452112629e-01
-5.383123673347254279e-01,2.378169888817056155e+00,1.411943653200739890e+00,-4.694698720474753451e+00,-3.040031262753294938e-01,-1.563244051326669604e-01
-5.476630767548780199e-01,2.471333691044352410e+00,1.341496784390604491e+00,-4.711206903708660576e+00,-3.096440005787937655e-01,-1.648449244999578012e-01
-5.552910476216806890e-01,2.563410840898828980e+00,1.260507224955169203e+00,-4.716139562207788849e+00,-3.142737932713156601e-01,-1.729303355811515064e-01
-5.614240813837645394e-01,2.654404930916022032e+00,1.169461274128390516e+00,-4.709982069750706657e+00,-3.180174929445453991e-01,-1.806229939618908265e-01
-5.662588139024889999e-01,2.744448034746857168e+00,1.068724750030030313e+00,-4.693227800396031490e+00,-3.209838771977435168e-01,-1.879642031215880416e-01
-5.699571356517887377e-01,2.833775866523346121e+00,9.585310699183838823e-01,-4.666341319231555929e+00,-3.232627057616261901e-01,-1.949914324943248511e-01
-5.726453793473090803e-01,2.922702681142124170e+00,8.389837813357483576e-01,-4.629735281804493674e+00,-3.249235839149720029e-01,-2.017371716916352975e-01
-5.744147058355405511e-01,3.011592444946661118e+00,7.100842494891956846e-01,-4.583768301234653286e+00,-3.260155772503103289e-01,-2.082289647495723095e-01
-5.753217444232295863e-01,3.100818397809995464e+00,5.718050306009512251e-01,-4.528776360188335737e+00,-3.265670071132351082e-01,-2.144903853521799297e-01
-5.753893623140203806e-01,3.190696981659523424e+00,4.242446602111480392e-01,-4.465159345949152758e+00,-3.265853506972927756e-01,-2.205429724047380802e-01
-5.746087345054106121e-01,3.281376579980370245e+00,2.679135656794758291e-01,-4.393552889658865368e+00,-3.260579996156831029e-01,-2.264093371183151793e-01
-5.729459217592357545e-01,3.372668529071622068e+00,1.041809402297688980e-01,-4.315103568974936188e+00,-3.249559804995372225e-01,-2.321174596686015890e-01
-5.703579305982034997e-01,3.463857948443140433e+00,-6.422406412329370595e-02,-4.231780907950833281e+00,-3.232439772559964064e-01,-2.377049024709745328e-01
-5.668199210683104727e-01,3.553648127287263758e+00,-2.330778349149187911e-01,-4.146463319707299533e+00,-3.208979578167370783e-01,-2.432189488607776340e-01
-5.623510336963022382e-01,3.640456456589344914e+00,-3.974849741452298746e-01,-4.062427042844043434e+00,-3.179223994436694567e-01,-2.487078569126262850e-01
-5.570142673722030535e-01,3.723005847710338045e+00,-5.534973022911687801e-01,-3.982333398126286728e+00,-3.143508158826919252e-01,-2.542061585394472800e-01
-5.508865899452421999e-01,3.800731241654901726e+00,-6.992162985801473329e-01,-3.907532960824967816e+00,-3.102264959377104558e-01,-2.597266730427766901e-01
-5.440276441247953176e-01,3.873711485215167283e+00,-8.345933998445788093e-01,-3.838184220968990701e+00,-3.055817947668280077e-01,-2.652649601463263895e-01
-5.364672355939036352e-01,3.942369134346640269e+00,-9.605942209073299320e-01,-3.773776524690903411e+00,-3.004294970679322607e-01,-2.708085135985663361e-01
-5.282069248416110252e-01,4.007227484230561743e+00,-1.078518583793355301e+00,-3.713560956104508204e+00,-2.947634656258956154e-01,-2.763433898275416412e-01
-5.192256031552173745e-01,4.068789046291939826e+00,-1.189653789633140724e+00,-3.656774226989301990e+00,-2.885620000032456667e-01,-2.818572877348435313e-01
-5.094842333674368673e-01,4.127493177961983228e+00,-1.295146817963130914e+00,-3.602724761595876402e+00,-2.817907084443657673e-01,-2.873405650310051351e-01
-4.989287956572694416e-01,4.183709997817710580e+00,-1.395978377575249452e+00,-3.550813660027936525e+00,-2.744042230686611905e-01,-2.927864257096532974e-01
-4.874917262064281664e-01,4.237747527125555358e+00,-1.492975233472286112e+00,-3.500530511411104051e+00,-2.663469211242127099e-01,-2.981908987472131067e-01
-4.750922929049483101e-01,4.289862199541438770e+00,-1.586833169102873420e+00,-3.451441715344714112e+00,-2.575529283675270786e-01,-3.035528672897723212e-01
-4.616362504181147908e-01,4.340269140642281975e+00,-1.678140102653715049e+00,-3.403178207729352422e+00,-2.479456198681559698e-01,-3.088742527153013895e-01
-4.470150122134167736e-01,4.389151204948487539e+00,-1.767396023901375290e+00,-3.355424956143515214e+00,-2.374367688020365685e-01,-3.141604044837799092e-01
-4.311045219143066487e-01,4.436666733126581441e+00,-1.855029136409938717e+00,-3.307912844743182479e+00,-2.259254616409061278e-01,-3.194207362885384538e-01
-4.137640060930380947e-01,4.482956317720332429e+00,-1.941408500426381689e+00,-3.260412974703672973e+00,-2.132969042253088088e-01,-3.246696560653920538e-01
-3.948348503111341334e-01,4.528148942703964508e+00,-2.026853684948035195e+00,-3.212733261701669729e+00,-1.994212933707203428e-01,-3.299278509483607458e-01
-3.741399769068122771e-01,4.572367843003338095e+00,-2.111641902768746526e+00,-3.164717221744389075e+00,-1.841530380051997207e-01,-3.352240018978002167e-01
-3.514843506182892541e-01,4.615736358769842340e+00,-2.196012998835522367e+00,-3.116244865988151425e+00,-1.673308108401929395e-01,-3.405970086615413561e-01
-3.266576493535863768e-01,4.658383924888517491e+00,-2.280172564920323275e+00,-3.067235588458968820e+00,-1.487792403565207366e-01,-3.460987890785421350e-01
-2.994407770960668680e-01,4.700452091391201570e+00,-2.364293405302359208e+00,-3.017652737712179345e+00,-1.283135690533409035e-01,-3.517976475432700312e-01
-2.696188052049303674e-01,4.742100039477731066e+00,-2.448515623550976184e+00,-2.967509094868500341e+00,-1.057493479333035807e-01,-3.577820289388421449e-01
-2.370040131188869414e-01,4.783508364688947800e+00,-2.532945802029567428e+00,-2.916871598727160730e+00,-8.092014791364435244e-02,-3.641640905423211838e-01
-2.014734631706464885e-01,4.824878960540353035e+00,-2.617656177479802171e+00,-2.865862307364510642e+00,-5.370697120273502934e-02,-3.710818060300216104e-01
-1.630246119309367581e-01,4.866427986366622882e+00,-2.702685404559034943e+00,-2.814651069034656672e+00,-2.408246246215728359e-02,-3.786971828058048328e-01
-1.218471627298124554e-01,4.908369134215976537e+00,-2.788043256677137816e+00,-2.763434858884422418e+00,7.830995941736897115e-03,-3.871868710295876537e-01
-7.839665636108741897e-02,4.950887434786674035e+00,-2.873721762708286054e+00,-2.712401574139920335e+00,4.170022852485500559e-02,-3.967210744344217832e-01
-3.343647942006897078e-02,4.994110760133963822e+00,-2.959713583905768441e+00,-2.661684539415701156e+00,7.694345268358590562e-02,-4.074295303019358494e-01
1.199624795313555120e-02,5.038093987863758727e+00,-3.046034103303592921e+00,-2.611325823528765078e+00,1.127518436603780483e-01,-4.193613442880335107e-01
5.672465820975152589e-02,5.082830534498007147e+00,-3.132738776866386576e+00,-2.561270879190594485e+00,1.481914594002339824e-01,-4.324555794762962591e-01
9.963174250954977273e-02,5.128291071594519579e+00,-3.219927301057086577e+00,-2.511402272498731048e+00,1.823607669796871722e-01,-4.465411990862924729e-01
1.398408489619677453e-01,5.174469580075426123e+00,-3.307734088140831474e+00,-2.461593367403525079e+00,2.145372382153203916e-01,-4.613705892513512152e-01
1.768045275292652319e-01,5.221412523713762077e+00,-3.396314033469693072e+00,-2.411749621711307690e+00,2.442536708443562854e-01,-4.766705771311030571e-01
2.102920414402049409e-01,5.269221508271463073e+00,-3.485834095296189261e+00,-2.361818154358752864e+00,2.712938578681352020e-01,-4.921878599161730317e-01
2.403161793521657041e-01,5.318036767983314483e+00,-3.576474696062944769e+00,-2.311769139908257831e+00,2.956381939371683920e-01,-5.077155503902138767e-01
2.670464579245044323e-01,5.368014990429119671e+00,-3.668438160909653245e+00,-2.261565076001921692e+00,3.173964250988090541e-01,-5.231009541048970979e-01
2.907363553597441252e-01,5.419311598214244796e+00,-3.761959250981805614e+00,-2.211132658584055388e+00,3.367501042819276424e-01,-5.382413876649775331e-01
3.116724712052671986e-01,5.472071544358553474e+00,-3.857314397696450126e+00,-2.160344528911409601e+00,3.539117139297583980e-01,-5.530748715054920606e-01
3.301430535724717563e-01,5.526428257584154125e+00,-3.954828716906518604e+00,-2.109011395772125042e+00,3.690988953412861484e-01,-5.675700127754181867e-01
3.464203804299047507e-01,5.582508459470174600e+00,-4.054881632514387491e+00,-2.056881427500597326e+00,3.825196523185950270e-01,-5.817170765043027103e-01
3.607519935383312615e-01,5.640440443375807078e+00,-4.157912695595689989e+00,-2.003642924638506351e+00,3.943646592441035215e-01,-5.955208511635078361e-01
3.733571831369679739e-01,5.700364108386939854e+00,-4.264429307962385174e+00,-1.948926855943900582e+00,4.048038416328135214e-01,-6.089952605365300808e-01
3.844263730932024892e-01,5.762441930449398342e+00,-4.375017976381706752e+00,-1.892306808756520020e+00,4.139853580877363992e-01,-6.221594315046731216e-01
3.941219290927157060e-01,5.826870827267702779e+00,-4.490360722074224320e+00,-1.833294686272590956e+00,4.220357914253700660e-01,-6.350348735205407769e-01
4.025794536413384583e-01,5.893895470900860190e+00,-4.611258490148165023e+00,-1.771330874586819704e+00,4.290607792284055755e-01,-6.476434423279724406e-01
4.099089334738180712e-01,5.963824069608352652e+00,-4.738663887874030145e+00,-1.705767606474106302e+00,4.351455475411902252e-01,-6.600057908744361157e-01
4.161952332819806588e-01,6.037048037683700130e+00,-4.873726281780164094e+00,-1.635843978870448856e+00,4.403549041703523903e-01,-6.721400236959252927e-01
4.214974110997565804e-01,6.114067276803974771e+00,-5.017852943516980524e+00,-1.560650786906218057e+00,4.447322168463353487e-01,-6.840602420109846982e-01
4.258461521441513908e-01,6.195522718198618328e+00,-5.172789626854132905e+00,-1.479083689516814015e+00,4.482967293082742999e-01,-6.957745590419748272e-01
4.292382275523158319e-01,6.282236243741365023e+00,-5.340719657904165807e+00,-1.389786231947627293e+00,4.510382033132680490e-01,-7.072819113880182140e-01
4.316262191419473759e-01,6.375251663394709389e+00,-5.524362904849772882e+00,-1.291096022031676727e+00,4.529072524468199523e-01,-7.185664677338006179e-01
4.329009323580276236e-01,6.475848697652730301e+00,-5.726996728348729526e+00,-1.181045882332924402e+00,4.537989516510863575e-01,-7.295874623638446410e-01
4.328642152778116037e-01,6.585436545052606228e+00,-5.952143550712953868e+00,-1.057585562432498572e+00,4.535274939621272705e-01,-7.402609373088679945e-01
4.311973948077792440e-01,6.705068112617891707e+00,-6.202221789154593878e+00,-9.194729185326305787e-01,4.517963430963215510e-01,-7.504305115455475184e-01
4.274637645678335263e-01,6.834082514409527853e+00,-6.474828508939070915e+00,-7.686680810023109878e-01,4.481985744131796179e-01,-7.598393796522787680e-01
4.212481203062771740e-01,6.967980231272373537e+00,-6.756949865123704768e+00,-6.139807860621652180e-01,4.423422089598186280e-01,-7.681728917642111076e-01
4.124317996652034357e-01,7.099015447098847353e+00,-7.026542229887940749e+00,-4.699027453697647849e-01,4.341036312117687590e-01,-7.752659031771129694e-01
4.011547813329035539e-01,7.222244639117916698e+00,-7.268851583505942848e+00,-3.461522046760869831e-01,4.236006641431460662e-01,-7.812562650792408414e-01
3.874151132220751137e-01,7.337947368942795201e+00,-7.482954290691357535e+00,-2.436925978519413616e-01,4.108279060674647210e-01,-7.863913642592130770e-01
3.709154550260666539e-01,7.448414526972058525e+00,-7.673162330277107479e+00,-1.603012895859844966e-01,3.955114147614998132e-01,-7.908432782033369968e-01
3.511041940995133781e-01,7.555941565365862367e+00,-7.843635869197648880e+00,-9.397944511843814297e-02,3.771432347687605491e-01,-7.946993385381356800e-01
3.272111065119878148e-01,7.662443686050993463e+00,-7.997326237145627736e+00,-4.360267664263452192e-02,3.550128865915379572e-01,-7.979986703664738723e-01
2.982792649939500773e-01,7.769502507540674507e+00,-8.136092555436038154e+00,-8.832107355742573052e-03,3.282359256194832819e-01,-8.007687976755990533e-01
2.632616860328566011e-01,7.878437836056503940e+00,-8.260942343828052259e+00,1.006670963305305450e-02,2.958420652605701640e-01,-8.030688588709977704e-01
2.212932104653430043e-01,7.990309053911335724e+00,-8.372206755857112270e+00,1.240666280144496481e-02,2.570247164893171843e-01,-8.050517143644554396e-01
1.722705895825220324e-01,8.105810368440527824e+00,-8.469659800623857038e+00,-2.688968157381116733e-03,2.116752241583658989e-01,-8.070423214783996047e-01
1.177117478599899458e-01,8.225065729336737519e+00,-8.552659347895243513e+00,-3.593565818030973469e-02,1.611767874473851725e-01,-8.095797450592365774e-01
6.128821857689713964e-02,8.347460082117489577e+00,-8.620424343883493989e+00,-8.744812172941043849e-02,1.089012677064895157e-01,-8.133015904181281064e-01
7.942146573673890264e-03,8.471766317250954970e+00,-8.672448857595341565e+00,-1.564745985726498367e-01,5.940328518228853855e-02,-8.186241124515437617e-01
-3.828753062377532324e-02,8.596578352624026920e+00,-8.708774851276489315e+00,-2.415759305033591819e-01,1.641886426509708147e-02,-8.254858138672275247e-01
-7.568655581378454233e-02,8.720649795522353642e+00,-8.729890920472497484e+00,-3.410619438580713703e-01,-1.845130453590732716e-02,-8.334560650491522615e-01
-1.045151072188703623e-01,8.842921367796138910e+00,-8.736454952850380096e+00,-4.532798827448671908e-01,-4.542741742394316995e-02,-8.420333741497519897e-01
-1.259638973945451101e-01,8.962405554330034718e+00,-8.729111111032898052e+00,-5.766691146725907435e-01,-6.559240903267121725e-02,-8.508234107519437872e-01
-1.414112642077722803e-01,9.078093177610393028e+00,-8.708435812952172839e+00,-7.097132967003012549e-01,-8.020741941061720892e-02,-8.595660150824285806e-01
-1.521088881707837182e-01,9.188914872356010122e+00,-8.674947283661952113e+00,-8.508845288465751722e-01,-9.042105970117082780e-02,-8.681058321111260190e-01
-1.591115151609691081e-01,9.293742748522291208e+00,-8.629132509975480758e+00,-9.986099515866804222e-01,-9.720365692478830089e-02,-8.763622648000247706e-01
-1.633009927077547774e-01,9.391419544982927192e+00,-8.571471593678475998e+00,-1.151269495477153848e+00,-1.013687754779339922e-01,-8.843106821922239735e-01
-1.654303970392576872e-01,9.480809010847384144e+00,-8.502450912020202978e+00,-1.307229154625531020e+00,-1.036134602309627534e-01,-8.919710593827513412e-01
-1.661569452504156885e-01,9.560861156069503153e+00,-8.422561218127693650e+00,-1.464908816848931261e+00,-1.045481247232967204e-01,-8.993984512070547499e-01
-1.660525089752904748e-01,9.630681703385533865e+00,-8.332280144024533541e+00,-1.622874756175240130e+00,-1.047056115720540331e-01,-9.066720774225599522e-01
-1.655931827564197656e-01,9.689591081543055040e+00,-8.232041105402485570e+00,-1.779938784616547975e+00,-1.045307418664020022e-01,-9.138828038429019918e-01
-1.651398735764628145e-01,9.737158073726952523e+00,-8.122191462185982758e+00,-1.935243819355300987e+00,-1.043615400307853630e-01,-9.211210049624539709e-01
-1.649265599428124951e-01,9.773198017665789550e+00,-8.002942133496667054e+00,-2.088320906557415757e+00,-1.044177395519402946e-01,-9.284673854160212514e-01
-1.650672414272286725e-01,9.797734017938822149e+00,-7.874310017944996076e+00,-2.239113015932037598e+00,-1.048069171280444217e-01,-9.359883654733668346e-01
-1.655803668414412011e-01,9.810928572501572020e+00,-7.736054014814108371e+00,-2.387971706594610666e+00,-1.055471297154424865e-01,-9.437360610758753765e-01
-1.664204587826570714e-01,9.812998346679083994e+00,-7.587604340375566636e+00,-2.535640198716601734e+00,-1.065964052136152834e-01,-9.517518131485210864e-01
-1.675059973102003552e-01,9.804124905598921913e+00,-7.427983345047200814e+00,-2.683238279917626201e+00,-1.078788043195173935e-01,-9.600720750056862540e-01
-1.687373455811599088e-01,9.784371511293741719e+00,-7.255717649455286633e+00,-2.832259843424149715e+00,-1.093011865547191958e-01,-9.687360191786832386e-01
-1.700030604933865097e-01,9.753616830354321365e+00,-7.068755407027304649e+00,-2.984579889706187039e+00,-1.107590842116117635e-01,-9.777950755995609144e-01
-1.711746001775956150e-01,9.711531843676587172e+00,-6.864452883523020965e+00,-3.142432106395647740e+00,-1.121316406592991755e-01,-9.873254091864562820e-01
-1.720886978394275402e-01,9.657680534408619621e+00,-6.639843941513428049e+00,-3.308223082937997273e+00,-1.132648386843560923e-01,-9.974442546219945971e-01
-1.725171690061487184e-01,9.591962114604404732e+00,-6.392775383278025636e+00,-3.483821549296717723e+00,-1.139426483415647146e-01,-1.008326589428482967e+00
-1.721383431736782654e-01,9.515800461341475724e+00,-6.125004509177607304e+00,-3.668655640231699877e+00,-1.138592633091729950e-01,-1.020199222995194832e+00
-1.705769092909709961e-01,9.434008455469818699e+00,-5.847111049386009896e+00,-3.856759791676156901e+00,-1.126555338745077045e-01,-1.033249106006293605e+00
-1.675998435400124775e-01,9.354508885347996738e+00,-5.577795982772027372e+00,-4.037400703613835518e+00,-1.101038018580878658e-01,-1.047428411089730282e+00
-1.632713245445062411e-01,9.283208132520332612e+00,-5.330505127735649218e+00,-4.203366200549554677e+00,-1.062565762131511410e-01,-1.062421091833935405e+00
-1.577783829988400888e-01,9.221204639189021890e+00,-5.106393782046851904e+00,-4.354948979525315345e+00,-1.012838443552258466e-01,-1.077893715901293126e+00
-1.512422821747964052e-01,9.167343037948425533e+00,-4.901133339809092604e+00,-4.495546591305210171e+00,-9.529440119741981741e-02,-1.093634642785953570e+00
-1.437014232102052924e-01,9.120261569320481598e+00,-4.710109699078476986e+00,-4.628538512033774310e+00,-8.831884030219691595e-02,-1.109525686609627027e+00
-1.351449398381832367e-01,9.078918635847230689e+00,-4.529631963338980327e+00,-4.756650359244973814e+00,-8.034099495651197964e-02,-1.125497474585839264e+00
-1.255426941174859479e-01,9.042610873053360976e+00,-4.356876940612228744e+00,-4.882054186499987125e+00,-7.132640966686822070e-02,-1.141503937058215179e+00
-1.148707478205505950e-01,9.010901528496573221e+00,-4.189648862648468253e+00,-5.006551130484795387e+00,-6.124689954071631942e-02,-1.157508934771850795e+00
-1.031379229491826977e-01,8.983549126579026378e+00,-4.026179610765271200e+00,-5.131708068512904397e+00,-5.010655154588204013e-02,-1.173478200984622744e+00
-9.041623743642057676e-02,8.960441527725174993e+00,-3.864992414306386070e+00,-5.258933983800729628e+00,-3.797185449024784859e-02,-1.189373072001971954e+00
-7.687285665849527549e-02,8.941520024594229454e+00,-3.704820067089618973e+00,-5.389491298623761750e+00,-2.500363935143569763e-02,-1.205144310595497092e+00
-6.279324991265200495e-02,8.926670326767084163e+00,-3.544571411652989834e+00,-5.524425772878951868e+00,-1.148064504315005931e-02,-1.220725570827760231e+00
-4.857568019442388280e-02,8.915555668050849647e+00,-3.383345765348879652e+00,-5.664389632962187449e+00,2.205051977651658821e-03,-1.236027709694048848e+00
-3.467347540137660084e-02,8.907386012306773182e+00,-3.220490990879884663e+00,-5.809353007612440223e+00,1.560438455109253164e-02,-1.250937835352808003e+00
-2.147816361459380791e-02,8.900684248554846079e+00,-3.055672412010597139e+00,-5.958291485176506086e+00,2.832681636188750379e-02,-1.265329792800981012e+00
-9.181065082681129710e-03,8.893223254119460464e+00,-2.888867720627415814e+00,-6.109103616140981963e+00,4.017825984496756209e-02,-1.279091166760270903e+00
2.306597037944002615e-03,8.882337433560504536e+00,-2.720192685088591578e+00,-6.259063144439314108e+00,5.124189183870787867e-02,-1.292159668817013829e+00
1.331977839354889573e-02,8.865561906460898811e+00,-2.549586473760068639e+00,-6.405752008167861611e+00,6.184614834545732603e-02,-1.304545507748791966e+00
2.433073185604561067e-02,8.841188913224916845e+00,-2.376545575326943993e+00,-6.547893025694511593e+00,7.245753229847841370e-02,-1.316320906399652380e+00
3.585574307267007377e-02,8.808381628538429098e+00,-2.200045533240440943e+00,-6.685574585058497554e+00,8.358803872562795001e-02,-1.327586426651240936e+00
4.842401609582137195e-02,8.766907502501133820e+00,-2.018593395342612062e+00,-6.819962456378157789e+00,9.576391493551683620e-02,-1.338439263063321949e+00
6.259941883304921684e-02,8.716768066362547529e+00,-1.830277162064955832e+00,-6.952896518365218270e+00,1.095469864263842463e-01,-1.348956677019708339e+00
7.903523827882912023e-02,8.657896935261197413e+00,-1.632731563339802516e+00,-7.086626928658283475e+00,1.255890067600333726e-01,-1.359192366016776399e+00
9.855677716432074964e-02,8.589945900423352043e+00,-1.422991389116968097e+00,-7.223744942927845081e+00,1.447139361619640407e-01,-1.369179206168966711e+00
1.222832849979562236e-01,8.512111050378265986e+00,-1.197210096673050117e+00,-7.367287113401228105e+00,1.680396160527726779e-01,-1.378934048173250382e+00
1.518155768451895926e-01,8.422941401757993773e+00,-9.502041437389829870e-01,-7.520996531486796144e+00,1.971651490174711197e-01,-1.388463444774921340e+00
1.895257700503476528e-01,8.320093310235620265e+00,-6.747945778252245619e-01,-7.689731729155123929e+00,2.344603927023208578e-01,-1.397772408717589565e+00
2.389458263604866128e-01,8.200110100865158458e+00,-3.611686324468834641e-01,-7.879873112305494587e+00,2.834543535205857334e-01,-1.406884257002702920e+00
3.048814861988830005e-01,8.058935974075879471e+00,1.971190160130031899e-03,-8.098642178484968923e+00,3.489497467339669479e-01,-1.415895462741190824e+00
3.909238268767726843e-01,7.896565264926381111e+00,4.160128511433633380e-01,-8.347196056469503134e+00,4.345389363367932467e-01,-1.425113634220228409e+00
4.882855771873357842e-01,7.731691203809814894e+00,8.365285714330445987e-01,-8.599089271086409525e+00,5.314533116961921433e-01,-1.435150645619643894e+00
5.730137914731783244e-01,7.594894787707318073e+00,1.191573231126737298e+00,-8.812330888150100350e+00,6.157711696020597980e-01,-1.446135388556796464e+00
6.389902716403055294e-01,7.486015079206719491e+00,1.484391389463451727e+00,-8.990326504446812805e+00,6.813765145167299808e-01,-1.457395062758607862e+00
6.912960686463373028e-01,7.395985552229508819e+00,1.738082684940983169e+00,-9.147456712248645871e+00,7.333383309509206027e-01,-1.468570747262382126e+00
7.341924137974474851e-01,7.319468076930593980e+00,1.966465306631227428e+00,-9.292367311324586154e+00,7.759085027922800748e-01,-1.479570189884304554e+00
7.704374754058984642e-01,7.253602872535924284e+00,2.177591730358164668e+00,-9.430326616272171947e+00,8.118391509388800387e-01,-1.490388890246994835e+00
8.018421528177217539e-01,7.196835892860829809e+00,2.376604812943361900e+00,-9.564951817702894488e+00,8.429372232177277935e-01,-1.501051013047377758e+00
8.296696159304917106e-01,7.148308505355724485e+00,2.567079447871105202e+00,-9.698956995224245148e+00,8.704631940010415514e-01,-1.511590978481467618e+00
8.548777350476157721e-01,7.107469891537157913e+00,2.751644950526355160e+00,-9.834395653877459509e+00,8.953729671984111960e-01,-1.522046032821611217e+00
8.782653375728763923e-01,7.073729461218920989e+00,2.932247201960595184e+00,-9.972582618882142924e+00,9.184637481330270026e-01,-1.532449503201872343e+00
9.005418329002106148e-01,7.046093056285028133e+00,3.110214981978344007e+00,-1.011380958477831626e+01,9.404433134643146452e-01,-1.542820413504406796e+00
9.223029051366163911e-01,7.022882353656705767e+00,3.286271208241425157e+00,-1.025709697134574050e+01,9.619053711704675935e-01,-1.553150482190419179e+00
9.439032815259755793e-01,7.001782703510022188e+00,3.460660063333321990e+00,-1.040039087368602821e+01,9.832021887622779399e-01,-1.563398077181931356e+00
9.653113233583585640e-01,6.980344287886209642e+00,3.633469659639551708e+00,-1.054139235841888933e+01,1.004299514591727727e+00,-1.573501836662863917e+00
9.861175410352719384e-01,6.956616444153097767e+00,3.804989480347805486e+00,-1.067853039231284384e+01,1.024785882678897364e+00,-1.583410394437527069e+00
1.005752763246595904e+00,6.929429585095973287e+00,3.975875764855773209e+00,-1.081138197359047126e+01,1.044091482144969829e+00,-1.593104458286034975e+00
1.023749018624832585e+00,6.898254117298638910e+00,4.147116651664052966e+00,-1.094048022111262242e+01,1.061749111932201561e+00,-1.602596167657892146e+00
1.039867203450962618e+00,6.862907245643601328e+00,4.319939378937495356e+00,-1.106692625760852167e+01,1.077521376693908017e+00,-1.611914456611112101e+00
1.054081279526739356e+00,6.823312888057177616e+00,4.495756964595462257e+00,-1.119210039411909641e+01,1.091384315221129331e+00,-1.621090958918703029e+00
1.066501140923295399e+00,6.779354610555193617e+00,4.676174681775418840e+00,-1.131752742714546933e+01,1.103449894628395267e+00,-1.630152212649229382e+00
1.077297764275368497e+00,6.730791298696154001e+00,4.863047476138569358e+00,-1.144485523989390074e+01,1.113891027474337658e+00,-1.639116993925330945e+00
1.086651565792116081e+00,6.677202103793667298e+00,5.058578606662083921e+00,-1.157590384171115083e+01,1.122889975059372158e+00,-1.647996097655879622e+00
1.094721272870755380e+00,6.617941765293820389e+00,5.265450021945452086e+00,-1.171275765567461669e+01,1.130607400299509901e+00,-1.656792636613481307e+00
1.101623860748520256e+00,6.552107382526320301e+00,5.486954110906506088e+00,-1.185787377415980615e+01,1.137162637105955776e+00,-1.665501746592532140e+00
1.107415788189016537e+00,6.478559003130072824e+00,5.727006864390202345e+00,-1.201413187367270474e+01,1.142615509649393291e+00,-1.674108933640093611e+00
1.112067014451483482e+00,6.396151446010707176e+00,5.989628534152906525e+00,-1.218457375444928559e+01,1.146941375264663776e+00,-1.682586447704885302e+00
1.115427354726789888e+00,6.304623326823589835e+00,6.276712999391377501e+00,-1.237109875109065804e+01,1.149999053374227920e+00,-1.690888459165443169e+00
1.117229073435591635e+00,6.206878673011649639e+00,6.582121440393320810e+00,-1.257084458285415529e+01,1.151534368379969919e+00,-1.698953659297784746e+00
1.117270472568174577e+00,6.111480007758737010e+00,6.885211921163149285e+00,-1.277204121299267747e+01,1.151358944203712653e+00,-1.706741039688135730e+00
1.115749354012585792e+00,6.028512294981931419e+00,7.161875985052104099e+00,-1.296057343129460193e+01,1.149671372472672148e+00,-1.714290702867556693e+00
1.113144834053030108e+00,5.961434913358692356e+00,7.405715314001391825e+00,-1.313309269075669050e+01,1.146939274653369090e+00,-1.721696641769141278e+00
1.109834694966793212e+00,5.908966640462443465e+00,7.622544573656330869e+00,-1.329379420678129975e+01,1.143529416377442764e+00,-1.729028124279908818e+00
1.106050040944594359e+00,5.869361254894696067e+00,7.819187369734720505e+00,-1.344756649851255226e+01,1.139665751968668816e+00,-1.736316921858234386e+00
1.101956992901531818e+00,5.841526728566315718e+00,8.000752883236462054e+00,-1.359832616642887793e+01,1.135509195886514666e+00,-1.743569583909272858e+00
1.097715425105272091e+00,5.825003228441095970e+00,8.170814585965315402e+00,-1.374912938121561012e+01,1.131214552781419247e+00,-1.750774729397845952e+00
1.093514383257585543e+00,5.819793823092507701e+00,8.331881153115963556e+00,-1.390244932335635930e+01,1.126964696376031805e+00,-1.757905587006858061e+00
1.089593005687771399e+00,5.826212079079455819e+00,8.485739747886114515e+00,-1.406035260342614990e+01,1.122990642346767709e+00,-1.764921372357755258e+00
1.086244584881116193e+00,5.844740739099480109e+00,8.633673347363419737e+00,-1.422456411947104726e+01,1.119575262749148203e+00,-1.771771001678617008e+00
1.083793063241713206e+00,5.875874494349253574e+00,8.776596611077213339e+00,-1.439643495701478315e+01,1.117030332263772241e+00,-1.778402916187060701e+00
1.082531893197515638e+00,5.919926853644478904e+00,8.915144958256554730e+00,-1.457682741371112201e+01,1.115637254331300676e+00,-1.784783623200653979e+00
1.082633501168096535e+00,5.976801940238012811e+00,9.049741028646616670e+00,-1.476594411298350806e+01,1.115559543724638614e+00,-1.790922270214688528e+00
1.084070465562131824e+00,6.045767537901691746e+00,9.180657820868217911e+00,-1.496316172638290531e+01,1.116766874187321790e+00,-1.796889745521680792e+00
1.086604351356462272e+00,6.125304966111024818e+00,9.308096915552326323e+00,-1.516696957908710530e+01,1.119024727393580498e+00,-1.802816756572080736e+00
1.089860818510944629e+00,6.213123055836995867e+00,9.432293681553744591e+00,-1.537511501876262443e+01,1.121967526061236509e+00,-1.808865465620016488e+00
1.093447319480686630e+00,6.306373800480229441e+00,9.553636783702154744e+00,-1.558497411986336978e+01,1.125212918866184575e+00,-1.815187585562191508e+00
1.097049790411965375e+00,6.402005403620909973e+00,9.672757299102036299e+00,-1.579402441278774738e+01,1.128455628161752378e+00,-1.821889818616298617e+00
1.100478404908253216e+00,6.497111541928092038e+00,9.790541839535121582e+00,-1.600022024377869556e+01,1.131511771226756391e+00,-1.829018598813659136e+00
1.103671011113452893e+00,6.589158928611686505e+00,9.908067618506793295e+00,-1.620214915562724300e+01,1.134321882860368946e+00,-1.836562137319172283e+00
1.106673956943462711e+00,6.676070290510903504e+00,1.002650245829855358e+01,-1.639899732047072689e+01,1.136931736489246392e+00,-1.844461377149265058e+00
1.109611089096051106e+00,6.756212064002333761e+00,1.014701821002258519e+01,-1.659043081138808517e+01,1.139461602502565452e+00,-1.852623846818784559e+00
1.112642680200711887e+00,6.828344868240961318e+00,1.027074181542362297e+01,-1.677647988904030996e+01,1.142065971771663024e+00,-1.860939026296676513e+00
1.115918177720473192e+00,6.891568778022881148e+00,1.039874519523609742e+01,-1.695746083768526091e+01,1.144887834568059981e+00,-1.869295034609519179e+00
1.119536345182898796e+00,6.945269949067311543e+00,1.053206667573913258e+01,-1.713393468133419617e+01,1.148020702620647260e+00,-1.877593895088614628e+00
1.123528776398661666e+00,6.989063301852410426e+00,1.067175770983773120e+01,-1.730669116999708734e+01,1.151493487526877191e+00,-1.885760709895393905e+00
1.127870145453046202e+00,7.022726162542082484e+00,1.081895098507293262e+01,-1.747674877447189701e+01,1.155280993414796953e+00,-1.893744418514462735e+00
1.132503037962905079e+00,7.046122978433342787e+00,1.097494764923556687e+01,-1.764536797196248941e+01,1.159328042272026460e+00,-1.901512283009558324e+00
1.137361790298651920e+00,7.059124656925088281e+00,1.114132439584751211e+01,-1.781408148506731592e+01,1.163572312012037813e+00,-1.909042260838216487e+00
1.142386914627502525e+00,7.061525819170620721e+00,1.132006518763893688e+01,-1.798474925431511906e+01,1.167958032695723736e+00,-1.916316220883688359e+00
1.147528994262988933e+00,7.052962582414004089e+00,1.151372239344359372e+01,-1.815964592883034712e+01,1.172439719321176410e+00,-1.923314954013986000e+00
1.152742972242587260e+00,7.032839667525019323e+00,1.172559449353590111e+01,-1.834157828117152178e+01,1.176977081764821076e+00,-1.930014948562358779e+00
1.157970526452215543e+00,7.000306487412174761e+00,1.195982883947078435e+01,-1.853398369229078924e+01,1.181519323255755927e+00,-1.936387435918143218e+00
1.163099637709276379e+00,6.954431075613348057e+00,1.222107713270595575e+01,-1.874079054687322810e+01,1.185969312738098358e+00,-1.942403097606285156e+00
1.167876328887348825e+00,6.895043191572408858e+00,1.251248452596511918e+01,-1.896529141991156209e+01,1.190105437485655671e+00,-1.948054019892888178e+00
1.171752550007957749e+00,6.825273393380342668e+00,1.282929661301056967e+01,-1.920629436085330610e+01,1.193446505834164340e+00,-1.953418253702468022e+00
1.173848502035091279e+00,6.755439001889246065e+00,1.314889051639494788e+01,-1.945183642987946371e+01,1.195216554366054229e+00,-1.958758820911570941e+00
1.173528998684573388e+00,6.699782293156451018e+00,1.343929594501838487e+01,-1.968400021855200421e+01,1.194852615274246688e+00,-1.964449714110496625e+00
1.170942033711462438e+00,6.664546743380419969e+00,1.368944462748715019e+01,-1.989735496689223382e+01,1.192482499029951404e+00,-1.970685845779258649e+00
1.166453530371849512e+00,6.648886177486280857e+00,1.390554834974537712e+01,-2.009679955617796310e+01,1.188426992610065458e+00,-1.977499272710908862e+00
1.160254119537740713e+00,6.650984594749687950e+00,1.409524718369935670e+01,-2.028790076821600863e+01,1.182852188156537920e+00,-1.984906529166750033e+00
1.152367920756342645e+00,6.669645417861735481e+00,1.426387256760015276e+01,-2.047463735236778959e+01,1.175776872618294666e+00,-1.992952050820345544e+00
1.142695553723796609e+00,6.704210633807957009e+00,1.441476921917876552e+01,-2.065957738950344691e+01,1.167110334972226715e+00,-2.001716249563326944e+00
1.131020896052947311e+00,6.754286035633876750e+00,1.454992585205728339e+01,-2.084420598730680041e+01,1.156658253446515960e+00,-2.011324018144150294e+00
1.116987392738204132e+00,6.819506306674357532e+00,1.467041801374458032e+01,-2.102912195232615034e+01,1.144101836539076711e+00,-2.021959013805602279e+00
1.100053758331273723e+00,6.899358734428838069e+00,1.477669738367858088e+01,-2.121414928462252547e+01,1.128959070549053090e+00,-2.033882265756633334e+00
1.079437451144257487e+00,6.993070544430583624e+00,1.486879174310336893e+01,-2.139842977056438045e+01,1.110535721285093924e+00,-2.047452133228756299e+00
1.054052613529804283e+00,7.099570508166805460e+00,1.494645229471357695e+01,-2.158054125760003927e+01,1.087872299362149242e+00,-2.063142731689525000e+00
1.022453388277138941e+00,7.217528701454585693e+00,1.500925862525667931e+01,-2.175865165378023747e+01,1.059696975061976243e+00,-2.081555887913399072e+00
9.828209378068492041e-01,7.345453140023881389e+00,1.505667415137367193e+01,-2.193067581549998124e+01,1.024418733246150293e+00,-2.103409310360986773e+00
9.331152362995299709e-01,7.481780098036312054e+00,1.508804437410933907e+01,-2.209436378539767176e+01,9.802679754367246145e-01,-2.129447561516936371e+00
8.716901857318235525e-01,7.624840327594636591e+00,1.510256146102351060e+01,-2.224723534113678625e+01,9.258466296727981826e-01,-2.160150667022662230e+00
7.988528204467429950e-01,7.772550047685551355e+00,1.509929958094019753e+01,-2.238633691424060501e+01,8.615033144572705748e-01,-2.195062538104713301e+00
7.192692565198823829e-01,7.921869974298290984e+00,1.507751939383096840e+01,-2.250807762521370137e+01,7.914251320461550554e-01,-2.231870338999818681e+00
6.424562230262592655e-01,8.068807733981444130e+00,1.503728854103372470e+01,-2.260889428042501947e+01,7.240000185705737223e-01,-2.266496853448292104e+00
5.777122438764008550e-01,8.209822670928454968e+00,1.497986244734871875e+01,-2.268689781367363167e+01,6.673131139956165470e-01,-2.295492408334205869e+00
5.284145890563367587e-01,8.343184134604134883e+00,1.490720368718360689e+01,-2.274253225499199971e+01,6.242029591932242161e-01,-2.318147697151135667e+00
4.928296977349825303e-01,8.468695708601552852e+00,1.482117232902541915e+01,-2.277746930676426729e+01,5.930638987191770850e-01,-2.335650839598112150e+00
4.676721558646528276e-01,8.586863208135255832e+00,1.472320722565461537e+01,-2.279356990554151707e+01,5.709832718218688097e-01,-2.349497265872428464e+00
4.500050457397518078e-01,8.698445476492510764e+00,1.461439175829947246e+01,-2.279257812523546534e+01,5.553845105876520361e-01,-2.360851089332872021e+00
4.376511400905804261e-01,8.804311690556234637e+00,1.449555401714355618e+01,-2.277610435416550416e+01,5.443684939093221820e-01,-2.370505848656217385e+00
4.290926008455616669e-01,8.905399348704440499e+00,1.436729705093318188e+01,-2.274561697315952102e+01,5.366164478472496002e-01,-2.378986474084983982e+00
4.232915019217395325e-01,9.002691560147004779e+00,1.422997813048075777e+01,-2.270239614457462807e+01,5.312291210995612190e-01,-2.386642723159751789e+00
4.195425943029210125e-01,9.097200160792166201e+00,1.408366714934788533e+01,-2.264747143980021349e+01,5.275966595810900328e-01,-2.393712691745870202e+00
4.173702501371561735e-01,9.189958680106476763e+00,1.392809964143318524e+01,-2.258156390809559255e+01,5.253081043425971153e-01,-2.400363207731066595e+00
4.164605415577582459e-01,9.282028469417710426e+00,1.376262820534586062e+01,-2.250503959388348463e+01,5.240919279673741382e-01,-2.406715576628831066e+00
4.166186764218463012e-01,9.374516368375687136e+00,1.358617388745901344e+01,-2.241787390487850828e+01,5.237787473547322881e-01,-2.412862628758133621e+00
4.177449964046099917e-01,9.468595035636246493e+00,1.339719117296843898e+01,-2.231963075417750630e+01,5.242800946652351746e-01,-2.418880927325161689e+00
4.198255381352807292e-01,9.565501209324665410e+00,1.319370188442279535e+01,-2.220948584028156958e+01,5.255796034959246965e-01,-2.424840765775830853e+00
4.229343702658608373e-01,9.666445965936004470e+00,1.297356574663090534e+01,-2.208639473652081264e+01,5.277340385387186972e-01,-2.430815770886671778e+00
4.272413001637233032e-01,9.772276665129345119e+00,1.273541100255609315e+01,-2.194967038145884075e+01,5.308786095159623297e-01,-2.436892220024958977e+00
4.330012978692177605e-01,9.882609922358245313e+00,1.248097264778176729e+01,-2.180045109973732664e+01,5.352168236185211869e-01,-2.443171524800713534e+00
4.404685987716416284e-01,9.994459941233975186e+00,1.221876287082017321e+01,-2.164405356322049201e+01,5.409481537127962536e-01,-2.449741808907109242e+00
4.497174250061444223e-01,1.010217585912575622e+01,1.196419225577023759e+01,-2.149018242747558105e+01,5.481204636350319737e-01,-2.456592583276182573e+00
4.605901008626947513e-01,1.020100803220987196e+01,1.172997960489771252e+01,-2.134700108012466302e+01,5.565902766359128728e-01,-2.463551742916139542e+00
4.729149871914807846e-01,1.028996410067917289e+01,1.151860712039706236e+01,-2.121628709690060433e+01,5.662040107712151826e-01,-2.470369898605003112e+00
4.866575268855726222e-01,1.037025912095387525e+01,1.132659111932871454e+01,-2.109598706233463972e+01,5.769206977692356020e-01,-2.476824025348517644e+00
5.019054223098798895e-01,1.044341874056955888e+01,1.114958011848244013e+01,-2.098340369955916884e+01,5.887978210358633113e-01,-2.482728945381821539e+00
5.188298941637728978e-01,1.051067486044120614e+01,1.098396082296451226e+01,-2.087623141862169973e+01,6.019581772815026932e-01,-2.487913458705275804e+00
5.376681477758568084e-01,1.057292128809871734e+01,1.082697158475216526e+01,-2.077265077599312093e+01,6.165743935152001587e-01,-2.492198481824925871e+00
5.587215607817652696e-01,1.063078695782094663e+01,1.067651117608772893e+01,-2.067122459052285421e+01,6.328662336800398025e-01,-2.495380165845719311e+00
5.823626109296538012e-01,1.068471230951004891e+01,1.053095053433693273e+01,-2.057079396519601033e+01,6.511047943322283427e-01,-2.497214797443100043e+00
6.090469805105399592e-01,1.073501271122335154e+01,1.038899598899160459e+01,-2.047040986412769215e+01,6.716205745811024697e-01,-2.497402982781339986e+00
6.393283787504974169e-01,1.078193432169303989e+01,1.024959901795308248e+01,-2.036930230920198071e+01,6.948133812040091506e-01,-2.495571807749363824e+00
6.738720380280400768e-01,1.082571099521534030e+01,1.011190206825106408e+01,-2.026688599414103109e+01,7.211608944994578607e-01,-2.491255237102500519e+00
7.134570317383531757e-01,1.086662903987647866e+01,9.975212972372181852e+00,-2.016280155612878744e+01,7.512184057752292476e-01,-2.483876399414226999e+00
7.589431691165064997e-01,1.090509942276709587e+01,9.839002490267683143e+00,-2.005698548113278079e+01,7.855915764050440675e-01,-2.472743712028848240e+00
8.111478048309453959e-01,1.094171799326404582e+01,9.702916706339772546e+00,-1.994973803749441643e+01,8.248417258342466418e-01,-2.457091734136825245e+00
8.705308584443688380e-01,1.097725771594616440e+01,9.566785606423851007e+00,-1.984170940797062244e+01,8.692492239972818835e-01,-2.436231851411546856e+00
9.365803791375859610e-01,1.101250584735699611e+01,9.430594725480224483e+00,-1.973367940985549396e+01,9.183588335486748688e-01,-2.409903486930087713e+00
1.007041970911910500e+00,1.104794222425204886e+01,9.294393610289926499e+00,-1.962611012738247851e+01,9.704208195798281755e-01,-2.378810032695455323e+00
1.077799501029638396e+00,1.108355595449755882e+01,9.158183327615967428e+00,-1.951885050047137682e+01,1.022330561037239294e+00,-2.344926129288119387e+00
1.144290960068786944e+00,1.111919748274246977e+01,9.021898938353109187e+00,-1.941153932404734306e+01,1.070704942232576284e+00,-2.310928079730021789e+00
1.203505162897487546e+00,1.115514444129991212e+01,8.885488540264788071e+00,-1.930432980058212422e+01,1.113359978643903014e+00,-2.279011665493829941e+00
1.254591321380171820e+00,1.119215561350495136e+01,8.748920016233769914e+00,-1.919795634310830579e+01,1.149735113467607039e+00,-2.250260461085213048e+00
1.298106812332934457e+00,1.123109896645891403e+01,8.612082548744307786e+00,-1.909321841107546192e+01,1.180310945785226329e+00,-2.224856593618219858e+00
1.335131421790745287e+00,1.127265903681454517e+01,8.474705037047987943e+00,-1.899057041892993425e+01,1.205942330902358472e+00,-2.202532795528719944e+00
1.366777843703676831e+00,1.131727347457482047e+01,8.336339910568316469e+00,-1.889003075363780937e+01,1.227494732374057929e+00,-2.182879764642171594e+00
1.394014575908222309e+00,1.136519682259272201e+01,8.196379832890812622e+00,-1.879126372252036603e+01,1.245715511527636599e+00,-2.165487218307146744e+00
1.417633685476664684e+00,1.141659123666945064e+01,8.054072756108929809e+00,-1.869368981496713999e+01,1.261212974273531406e+00,-2.149992691685464141e+00
1.438268374579778852e+00,1.147160294570416283e+01,7.908520668813547871e+00,-1.859656480951776558e+01,1.274471802464163916e+00,-2.136091261497570226e+00
1.456421480447175121e+00,1.153041853013410467e+01,7.758658939605740379e+00,-1.849901816530677578e+01,1.285875975029191931e+00,-2.123531529911817373e+00
1.472491826790093938e+00,1.159330708270698018e+01,7.603216443843902717e+00,-1.840005730703578379e+01,1.295729620354601819e+00,-2.112108143836624485e+00
1.486794938790023890e+00,1.166065560376317656e+01,7.440657179639359242e+00,-1.829854632286611960e+01,1.304273384040540718e+00,-2.101654716201582840e+00
1.499577541691700988e+00,1.173300217119049904e+01,7.269106662221304305e+00,-1.819316728132253758e+01,1.311696045235512864e+00,-2.092038678576032762e+00
1.511025551538996758e+00,1.181106495594003114e+01,7.086278199938322864e+00,-1.808237759075509032e+01,1.318141340831368691e+00,-2.083159075597131871e+00
1.521264337407091327e+00,1.189574928075125193e+01,6.889452775509599114e+00,-1.796439928864795377e+01,1.323709324003021104e+00,-2.074948793164484329e+00
1.530348434394877000e+00,1.198807337061288436e+01,6.675675746252474951e+00,-1.783734317458709384e+01,1.328450497444995326e+00,-2.067383931013004439e+00
1.538237501622873094e+00,1.208885595395075185e+01,6.442595929485277928e+00,-1.769973276182127719e+01,1.332350678745683137e+00,-2.060503902447204716e+00
1.544765690161344907e+00,1.219786884514422631e+01,6.190753618948574122e+00,-1.755192755773586910e+01,1.335311377609185834e+00,-2.054439786544597357e+00
1.549657460886795013e+00,1.231239263504414794e+01,5.927499084489504355e+00,-1.739855156543924863e+01,1.337160739354444683e+00,-2.049415637955558811e+00
1.552695829003357231e+00,1.242686107177582677e+01,5.668013501933839571e+00,-1.724910871613702312e+01,1.337765028847852200e+00,-2.045638643572324167e+00
1.553947855752072504e+00,1.253622664697562428e+01,5.426328170421142794e+00,-1.711241092107112749e+01,1.337177657486443350e+00,-2.043122248406658681e+00
1.553679892667728657e+00,1.263920461544892682e+01,5.206641162225007946e+00,-1.699125133372583463e+01,1.335583069409130408e+00,-2.041717887876588478e+00
1.552109152052516983e+00,1.273702619257473501e+01,5.006638778508513354e+00,-1.688450214518897852e+01,1.333132865127610645e+00,-2.041290776470539470e+00
1.549318846480845613e+00,1.283147416969925025e+01,4.822730817650700885e+00,-1.679034865601965976e+01,1.329890522203786007e+00,-2.041792780372543525e+00
1.545270129189851849e+00,1.292418678661120879e+01,4.651917563036566783e+00,-1.670743520130697846e+01,1.325840339163859571e+00,-2.043261551380663565e+00
1.539815958889126479e+00,1.301657545875712074e+01,4.492033910410246023e+00,-1.663501752558152802e+01,1.320897868718389212e+00,-2.045814043314226449e+00
1.532696425567144471e+00,1.310988480712773985e+01,4.341616534401062211e+00,-1.657288684756725061e+01,1.314908511451081230e+00,-2.049651860479851706e+00
1.523514283723906848e+00,1.320526040352570796e+01,4.199741662173808621e+00,-1.652127408468421521e+01,1.307633774687850581e+00,-2.055080686362306341e+00
1.511688537398230059e+00,1.330379725459548901e+01,4.065893991150362652e+00,-1.648076593209851737e+01,1.298724272006709590e+00,-2.062545945303245976e+00
1.496379892083135488e+00,1.340656685858425234e+01,3.939861510552523871e+00,-1.645222426199209309e+01,1.287676146578518477e+00,-2.072689464488728373e+00
1.476377619867465629e+00,1.351462657032142189e+01,3.821640877831336880e+00,-1.643669603169044890e+01,1.273765206710302689e+00,-2.086434697057105936e+00
1.449934726971356280e+00,1.362901962597931949e+01,3.711341945856086788e+00,-1.643530906152670212e+01,1.255951890130962978e+00,-2.105109193028250836e+00
1.414546060593927956e+00,1.375078014032615847e+01,3.609090413915967854e+00,-1.644916511845826079e+01,1.232755695972126420e+00,-2.130604968172389757e+00
1.366718865949379635e+00,1.388095418307959861e+01,3.514944281214240629e+00,-1.647925646514777043e+01,1.202132156901295046e+00,-2.165530652952153634e+00
1.302018879763708004e+00,1.402059228147103020e+01,3.428863777551029557e+00,-1.652640821175440777e+01,1.161526585865474859e+00,-2.213121677142814825e+00
1.216440021890539125e+00,1.417044266570051825e+01,3.350804004938399583e+00,-1.659108382230997947e+01,1.108728654068057207e+00,-2.276085660561422142e+00
1.111507122318350582e+00,1.432963000616006077e+01,3.280970943846973853e+00,-1.667249294918175551e+01,1.044910790111279963e+00,-2.352595405197993372e+00
1.002369300779443195e+00,1.449346187634229111e+01,3.219829570390826401e+00,-1.676679234634899274e+01,9.792324036558498479e-01,-2.430389967811987351e+00
9.117358465409367563e-01,1.465516666583586947e+01,3.166865208410777566e+00,-1.686755518062525638e+01,9.248819349508204946e-01,-2.492451127056305005e+00
8.482018427659852033e-01,1.481144835104696256e+01,3.119849991726845850e+00,-1.696974820992544863e+01,8.864674993381516099e-01,-2.533663306335729004e+00
8.070600150971241060e-01,1.496218268793522377e+01,3.076383769963642045e+00,-1.707078592560024077e+01,8.609707365711884997e-01,-2.558686098639723738e+00
7.816954741763858516e-01,1.510792335627549043e+01,3.034708085842218406e+00,-1.716925227933119302e+01,8.444492242919823255e-01,-2.572843576239936869e+00
7.673121643724858387e-01,1.524906519245944381e+01,2.993580645407514229e+00,-1.726412097123895961e+01,8.340967152986656918e-01,-2.579707278365507062e+00
7.608744763327902616e-01,1.538578530397851729e+01,2.952075752443699130e+00,-1.735451790301408792e+01,8.281505012333765237e-01,-2.581422681430370236e+00
7.605205431028114749e-01,1.551812378504033774e+01,2.909468630051014859e+00,-1.743967355802029218e+01,8.255304126303516510e-01,-2.579251564157319709e+00
7.651241091087683799e-01,1.564605632719228367e+01,2.865175956948996738e+00,-1.751892380610859945e+01,8.255783903736128027e-01,-2.573925163381920012e+00
7.740262789211578287e-01,1.576954289714369750e+01,2.818725208323574538e+00,-1.759171991988851858e+01,8.279011273447043351e-01,-2.565845050128101601e+00
7.868772589752714985e-01,1.588855877206755629e+01,2.769738265832616619e+00,-1.765763843618857010e+01,8.322778007536755229e-01,-2.555195112932988177e+00
8.035421297955824826e-01,1.600311444461383559e+01,2.717921750174211670e+00,-1.771638851659491110e+01,8.386052606639035067e-01,-2.542004612602720925e+00
8.240425353122422525e-01,1.611326833702826278e+01,2.663059740982517187e+00,-1.776781551234722656e+01,8.468641567681711724e-01,-2.526184653047935935e+00
8.485170887479673851e-01,1.621913417760755749e+01,2.605006130730015190e+00,-1.781189924579952688e+01,8.570961236160304919e-01,-2.507550964965616025e+00
8.771886655765208651e-01,1.632088357128026246e+01,2.543674893221533839e+00,-1.784874539648016878e+01,8.693854632842790142e-01,-2.485841602711777121e+00
9.103286304941246021e-01,1.641874359463979971e+01,2.479027528874140796e+00,-1.787856871071016585e+01,8.838400700114174002e-01,-2.460736906779199984e+00
9.482080094011046123e-01,1.651298903350845393e+01,2.411058075656599797e+00,-1.790166764157014967e+01,9.005665687445008061e-01,-2.431889642156673137e+00
9.910254871124598575e-01,1.660392911716578723e+01,2.339777354412216681e+00,-1.791839149514749607e+01,9.196347527094079766e-01,-2.398974352596130455e+00
1.038805014771179591e+00,1.669188941768565471e+01,2.265199355712943952e+00,-1.792910327807544135e+01,9.410279435362880474e-01,-2.361764396413390976e+00
1.091266796210769163e+00,1.677719130774385548e+01,2.187333325913263238e+00,-1.793414425149687830e+01,9.645812744827861884e-01,-2.320238628308907813e+00
1.147699195108084380e+00,1.686013414839892732e+01,2.106184105354253155e+00,-1.793380906753548842e+01,9.899213127950885482e-01,-2.274702102213816968e+00
1.206891153696495023e+00,1.694098794745011816e+01,2.021759458686096078e+00,-1.792834078678162513e+01,1.016435653526149396e+00,-2.225876913383494582e+00
1.267198920779318616e+00,1.702000289316826809e+01,1.934077209357508487e+00,-1.791794885320679853e+01,1.043307613851910620e+00,-2.174898232975336132e+00
1.326777900968759916e+00,1.709743367162254657e+01,1.843161609264040379e+00,-1.790283952476660545e+01,1.069630232470464959e+00,-2.123171529744503516e+00
1.383911099640811937e+00,1.717356545552969393e+01,1.749023107012134925e+00,-1.788323708479688889e+01,1.094566047498746419e+00,-2.072122446373150684e+00
1.437291239808248910e+00,1.724872703758191506e+01,1.651626287070430799e+00,-1.785937909628331610e+01,1.117483576400274847e+00,-2.022945876913635921e+00
1.486145999453792443e+00,1.732328798442784290e+01,1.550856943508373664e+00,-1.783148756080253960e+01,1.138017177372536937e+00,-1.976458331960362136e+00
1.530201125776883053e+00,1.739764820265467904e+01,1.446496014732535418e+00,-1.779973134685521785e+01,1.156047821557030897e+00,-1.933082187527125351e+00
1.569551934927102321e+00,1.747222966519121456e+01,1.338201135195160152e+00,-1.776419378149876493e+01,1.171639056123483069e+00,-1.892919971813905144e+00
1.604518764549943244e+00,1.754747479860140658e+01,1.225492435790536572e+00,-1.772485038871910135e+01,1.184965093510347289e+00,-1.855858995733552730e+00
1.635529077966745071e+00,1.762385134309842272e+01,1.107739060246200724e+00,-1.768155521372958816e+01,1.196252080451930766e+00,-1.821666061884794185e+00
1.663037367220042917e+00,1.770186144900895187e+01,9.841451702003992663e-01,-1.763403274792942810e+01,1.205738156147446949e+00,-1.790057059725142619e+00
1.687477366257196465e+00,1.778205183396286770e+01,8.537384842812300034e-01,-1.758187492563289922e+01,1.213649654895663677e+00,-1.760741896354429681e+00
1.709236250089315678e+00,1.786501988596668511e+01,7.153722971209217629e-01,-1.752454836668616167e+01,1.220188349936105698e+00,-1.733451249927159044e+00
1.728641236130274983e+00,1.795140551280693941e+01,5.677677654786768002e-01,-1.746142776736090241e+01,1.225524964791069316e+00,-1.707952363286879160e+00
1.745951403641158084e+00,1.804184767179385673e+01,4.096540654556055649e-01,-1.739189123253933644e+01,1.229795362392616997e+00,-1.684059832168049109e+00
1.761350524688713559e+00,1.813686653729900655e+01,2.401136713751658713e-01,-1.731554485826554668e+01,1.233097304778859371e+00,-1.661645229875813756e+00
1.774941702277264000e+00,1.823661912773963323e+01,5.927618234659973173e-02,-1.723266701099245068e+01,1.235488141162875753e+00,-1.640645328330193164e+00
1.786754589077580668e+00,1.834052750520442032e+01,-1.306354258686814040e-01,-1.714487616499582501e+01,1.236988641081983031e+00,-1.621059848023111760e+00
1.796786732276717480e+00,1.844700911294788170e+01,-3.245314781953020367e-01,-1.705563245767157099e+01,1.237603370172883688e+00,-1.602918995951922998e+00
1.805081858263332562e+00,1.855382490409001051e+01,-5.153684394603170738e-01,-1.696968538099295642e+01,1.237358813068660357e+00,-1.586215148531060048e+00
1.811781843138662751e+00,1.865912256031234406e+01,-6.969829130985027987e-01,-1.689130702771948123e+01,1.236328476585191627e+00,-1.570852096563462252e+00
1.817088094263295428e+00,1.876218716551816357e+01,-8.661727726057129040e-01,-1.682297395683121977e+01,1.234614076100732483e+00,-1.556673120266921950e+00
1.821183042150372744e+00,1.886327823094093858e+01,-1.022304524387545932e+00,-1.676558865906159568e+01,1.232307669359417046e+00,-1.543529087306532377e+00
1.824186585282459916e+00,1.896311609866441472e+01,-1.165942534192490498e+00,-1.671932369332098034e+01,1.229470920442642390e+00,-1.531319318651001682e+00
1.826149575581295315e+00,1.906253278166032317e+01,-1.297903226289852885e+00,-1.668421072722998133e+01,1.226132332150682513e+00,-1.519999910737473758e+00
1.827060013075433087e+00,1.916232219526004954e+01,-1.418848481812856832e+00,-1.666039447438204490e+01,1.222290619212221596e+00,-1.509579850158440317e+00
1.826848856703736201e+00,1.926319068430954928e+01,-1.529162658653378193e+00,-1.664820526156684011e+01,1.217917911293622035e+00,-1.500116690866533542e+00
1.825392284885766214e+00,1.936574160403836942e+01,-1.628940645961947542e+00,-1.664815502505189926e+01,1.212961291063482605e+00,-1.491714950954235341e+00
1.822510934509905312e+00,1.947046483468781730e+01,-1.718012312149050702e+00,-1.666090165293356051e+01,1.207342951685016263e+00,-1.484526997846044916e+00
1.817967890389018626e+00,1.957772036399551752e+01,-1.795976646312854808e+00,-1.668719735112854252e+01,1.200959841523796090e+00,-1.478754993332670908e+00
1.811468213775977665e+00,1.968771255558800348e+01,-1.862237333576778120e+00,-1.672782600742135628e+01,1.193684120220328992e+00,-1.474651525092762983e+00
1.802664506073788697e+00,1.980045473475172813e+01,-1.916037343298703899e+00,-1.678353195816214338e+01,1.185366503766332125e+00,-1.472515037365152102e+00
1.791175811415950836e+00,1.991572490182741006e+01,-1.956491239015835104e+00,-1.685494296102752543e+01,1.175845792044393656e+00,-1.472673733531975948e+00
1.776630858243395839e+00,2.003301370395838532e+01,-1.982613982471171488e+00,-1.694249089004132003e+01,1.164969408799310546e+00,-1.475448463242829300e+00
1.758749187528511060e+00,2.015146625229712996e+01,-1.993346208026587796e+00,-1.704633336013304046e+01,1.152630652086293228e+00,-1.481083021440364078e+00
1.737468908899173270e+00,2.026982236598672316e+01,-1.987579815839237041e+00,-1.716627863696809442e+01,1.138825719224961563e+00,-1.489634616031955572e+00
1.713106338596216860e+00,2.038636937993680220e+01,-1.964193927871914269e+00,-1.730171835817879611e+01,1.123722528581573954e+00,-1.500837563772235095e+00
1.686484172201096365e+00,2.049893903548244012e+01,-1.922114117024442015e+00,-1.745158383546658598e+01,1.107711761852807397e+00,-1.513994587858039198e+00
1.658920424397720250e+00,2.060499231323179004e+01,-1.860394483375950037e+00,-1.761436278882518636e+01,1.091392648015813371e+00,-1.527986875766104813e+00
1.632010604551068278e+00,2.070181316796268689e+01,-1.778285680384771972e+00,-1.778822550308607831e+01,1.075467461261441660e+00,-1.541458379928815292e+00
1.607293948014543838e+00,2.078676481408373178e+01,-1.675220450171156505e+00,-1.797128038261191918e+01,1.060590544169482730e+00,-1.553095874878300586e+00
1.586018119001410875e+00,2.085750849930575512e+01,-1.550670223668311198e+00,-1.816191407139048408e+01,1.047268215820837289e+00,-1.561824963876478511e+00
1.569127884783546367e+00,2.091210693260257258e+01,-1.403888173360757552e+00,-1.835913498788611165e+01,1.035860538641771411e+00,-1.566819629683982251e+00
1.557401797599735183e+00,2.094899967880206049e+01,-1.233582024344305861e+00,-1.856286964190143607e+01,1.026646752158475673e+00,-1.567389807314843120e+00
1.551563944973488152e+00,2.096687874257676398e+01,-1.037536965561486557e+00,-1.877421745814965348e+01,1.019878840485358484e+00,-1.562887569559552103e+00
1.552246891978001031e+00,2.096450451549113581e+01,-8.121926002013820645e-01,-1.899569664414613257e+01,1.015773459303216386e+00,-1.552729143015277646e+00
1.559822724200881083e+00,2.094053180534936942e+01,-5.522665074550248132e-01,-1.923146023634184587e+01,1.014451796356739877e+00,-1.536515936879915945e+00
1.574247292567184653e+00,2.089360398379792372e+01,-2.510329234202069437e-01,-1.948713962152666568e+01,1.015886020157781733e+00,-1.514138611737609663e+00
1.594897105020578021e+00,2.082377710482078115e+01,9.605624128789180816e-02,-1.976766917595504225e+01,1.019841118976602790e+00,-1.485895725234329445e+00
1.619789159815185453e+00,2.073811519577401086e+01,4.770697820492499353e-01,-2.006842884810899719e+01,1.025561583444473790e+00,-1.453191982335237498e+00
1.644359502364376002e+00,2.065814763367236395e+01,8.444200979935466700e-01,-2.036292820073110832e+01,1.031252836486611146e+00,-1.419821106167503455e+00
1.664586261342453355e+00,2.060350163042552296e+01,1.156415542201817859e+00,-2.062795035561203960e+01,1.035286280679123649e+00,-1.389554857778821262e+00
1.680345642713450438e+00,2.057460284548892560e+01,1.418777515284601165e+00,-2.086895390442469989e+01,1.037569448390246674e+00,-1.362869331076448365e+00
1.692543639900709662e+00,2.056739619602054958e+01,1.646218517104805379e+00,-2.109637387103120432e+01,1.038430567785935121e+00,-1.339172601386076078e+00
1.701771531584177044e+00,2.057932025391977859e+01,1.848526054561574483e+00,-2.131732441350012053e+01,1.038077284829830527e+00,-1.318051931622583828e+00
1.708260507785362092e+00,2.060908185461640585e+01,2.031693999268683992e+00,-2.153639986231128489e+01,1.036571220534571847e+00,-1.299368634614741724e+00
1.711964284895121091e+00,2.065603944407150649e+01,2.199509036831349018e+00,-2.175662264372114763e+01,1.033856317320531071e+00,-1.283205496600326345e+00
1.712639260301964228e+00,2.071975180893835855e+01,2.354469772521598614e+00,-2.197991261854753375e+01,1.029789444407986698e+00,-1.269803053133687465e+00
1.709974824461247378e+00,2.079962387987373518e+01,2.498325372572816061e+00,-2.220728715001819609e+01,1.024197814821548924e+00,-1.259450576602357152e+00
1.703858574370593182e+00,2.089459730196465159e+01,2.632450634657301780e+00,-2.243895759316928817e+01,1.017003712318198305e+00,-1.252268117745411580e+00
1.694791338093342814e+00,2.100290141630139829e+01,2.758162699661903083e+00,-2.267444076134429665e+01,1.008424750928649694e+00,-1.247872641198066512e+00
1.684180217853427752e+00,2.112197570222907927e+01,2.876977039008345116e+00,-2.291277496563665039e+01,9.991191054281179929e-01,-1.245147097774113476e+00
1.674002222175515087e+00,2.124869951621602482e+01,2.990716695271395942e+00,-2.315285619760306801e+01,9.900272983087683443e-01,-1.242507859993658315e+00
1.665917663531538251e+00,2.137982400108453973e+01,3.101444574828275513e+00,-2.339375386496826081e+01,9.819433502678324155e-01,-1.238596507654334822e+00
1.660713245718123954e+00,2.151226052005999989e+01,3.211324873265961166e+00,-2.363481198742981348e+01,9.752414341229812544e-01,-1.232706371556567593e+00
1.658429172384219052e+00,2.164309097227550183e+01,3.322498620261907565e+00,-2.387551750742731471e+01,9.699346192528468524e-01,-1.224680611167909827e+00
1.658720203961757456e+00,2.176945067792553345e+01,3.436961671161609555e+00,-2.411526077746309937e+01,9.658496591096649153e-01,-1.214638534693171845e+00
1.661093560934075786e+00,2.188844622458028510e+01,3.556438534370992333e+00,-2.435312225731318847e+01,9.627437430779260952e-01,-1.202804264503093856e+00
1.664991624651672719e+00,2.199719258919523313e+01,3.682285875252898411e+00,-2.458779468443950122e+01,9.603464769682545921e-01,-1.189459942606569287e+00
1.669798966324157474e+00,2.209299019138607534e+01,3.815464593544453553e+00,-2.481770358402487275e+01,9.583646198098539903e-01,-1.174959898248536305e+00
1.674852046201842803e+00,2.217359230019298266e+01,3.956596770255269568e+00,-2.504130584876593701e+01,9.564863146598134858e-01,-1.159740045291971056e+00
1.679505338189238639e+00,2.223745262989002214e+01,4.106092623690220655e+00,-2.525745712681514732e+01,9.544100412003935219e-01,-1.144274135757335165e+00
1.683255728852185884e+00,2.228383979197840858e+01,4.264312888122175238e+00,-2.546570650228777311e+01,9.519002784342036616e-01,-1.128972369100966100e+00
1.685855534288579483e+00,2.231276829950795815e+01,4.431738809047918615e+00,-2.566643092549270122e+01,9.488392534829409586e-01,-1.114079609130856463e+00
1.687329610175476446e+00,2.232477676765588726e+01,4.609143699030468611e+00,-2.586081689840554887e+01,9.452360375078038279e-01,-1.099645377763210696e+00
1.687891876500622779e+00,2.232063158491637012e+01,4.797772209764540108e+00,-2.605076324702399049e+01,9.411894922236077043e-01,-1.085574754089084548e+00
1.687833944115770812e+00,2.230103297867409395e+01,4.999537575564825254e+00,-2.623879202207172412e+01,9.368374589853579737e-01,-1.071706340687161640e+00
1.687450465770617969e+00,2.226636569232677942e+01,5.217254652005671289e+00,-2.642803170004593838e+01,9.323221935836532026e-01,-1.057867461447540292e+00
1.687017214926660458e+00,2.221650390436114719e+01,5.454918271969350307e+00,-2.662229436471567467e+01,9.277803739858313525e-01,-1.043893940387478736e+00
1.686812268132090953e+00,2.215069609531355255e+01,5.717938293433224572e+00,-2.682618224404085083e+01,9.233543163982922408e-01,-1.029623384206547199e+00
1.687174183105906611e+00,2.206771465802796683e+01,6.012808825198074913e+00,-2.704487663769314665e+01,9.192230083463872603e-01,-1.014873114897675732e+00
1.688597128519673696e+00,2.196702380372572350e+01,6.344181213650206708e+00,-2.728231012628162588e+01,9.156548827261195012e-01,-9.994175852732669618e-01
1.691796683123909961e+00,2.185277509376350835e+01,6.704471956997656967e+00,-2.753465192481740331e+01,9.130488941655608981e-01,-9.830183932353098175e-01
1.697420998577484408e+00,2.173905707787086428e+01,7.060089253631457673e+00,-2.778181924669123148e+01,9.117834534493211018e-01,-9.656027030358540486e-01
1.705421849937346801e+00,2.164053701698861332e+01,7.376184462940805986e+00,-2.800342808162802299e+01,9.118575281220844264e-01,-9.473418620805880153e-01
1.715413240163183639e+00,2.155873359079490470e+01,7.651984684309518059e+00,-2.820053464825072354e+01,9.130646699321037785e-01,-9.283126109212023191e-01
1.727269395814622577e+00,2.149009346683482846e+01,7.899037113124644627e+00,-2.838143677902999684e+01,9.153320506959659042e-01,-9.084138376097934398e-01
1.741081803870326850e+00,2.143177453154127576e+01,8.126599022655394577e+00,-2.855272791236984986e+01,9.187065654211535870e-01,-8.874727549730061504e-01
1.757041516321039776e+00,2.138206119579331954e+01,8.340964296314050230e+00,-2.871908547089433839e+01,9.232912112113185188e-01,-8.652959083573535937e-01
1.775359149082244903e+00,2.134001071481035083e+01,8.546547029013686014e+00,-2.888403341581696893e+01,9.292003140501150504e-01,-8.417019758893264925e-01
1.796177595242625546e+00,2.130515834221770177e+01,8.746638447520195925e+00,-2.905041898345542251e+01,9.365102995853208379e-01,-8.165703108390908183e-01
1.819448933080063613e+00,2.127727186232372958e+01,8.943820211556111843e+00,-2.922058693605860924e+01,9.451903261694513114e-01,-7.899195252095436715e-01
1.844785089624720431e+00,2.125605713490764970e+01,9.140139801169818057e+00,-2.939626688764814944e+01,9.550181920489460019e-01,-7.620064486989870378e-01
1.871372039372615426e+00,2.124071635810191339e+01,9.337105862711581494e+00,-2.957814332241894917e+01,9.655319389588955525e-01,-7.333805812469376129e-01
1.898129903378000805e+00,2.122935525734853712e+01,9.535572406004344970e+00,-2.976518291927288118e+01,9.761195342816895160e-01,-7.047633108021903459e-01
1.924211075096542656e+00,2.121856674201779924e+01,9.735707008932410034e+00,-2.995423269123397958e+01,9.862983061965625575e-01,-6.766862454300400787e-01
1.949511974806027004e+00,2.120389147215168890e+01,9.937351793258050847e+00,-3.014085256564483117e+01,9.960021966909488045e-01,-6.491275895653438877e-01
1.974690163162606149e+00,2.118127957064179512e+01,1.014075532505331800e+01,-3.032145072966813260e+01,1.005592044524181716e+00,-6.215195206536431316e-01
2.000780789196153542e+00,2.114829404332595431e+01,1.034709288474299527e+01,-3.049493240281745798e+01,1.015641339860013037e+00,-5.930457157079579433e-01
2.028920544105087043e+00,2.110405195048946680e+01,1.055846819164375283e+01,-3.066262229566760311e+01,1.026781404161337674e+00,-5.628407901981511419e-01
2.060342557982203004e+00,2.104842194149914292e+01,1.077773753243444688e+01,-3.082731310994917706e+01,1.039697542426987642e+00,-5.299761054903844304e-01
2.096535739012492794e+00,2.098126974757677488e+01,1.100850539705557729e+01,-3.099254211049015240e+01,1.055217268970354949e+00,-4.933221277551690931e-01
2.139509204876683057e+00,2.090195454352818416e+01,1.125539978580283673e+01,-3.116239204381833261e+01,1.074457956589505603e+00,-4.513325979448856717e-01
2.192201765574554706e+00,2.080894070605586066e+01,1.152467662581027774e+01,-3.134173523845613474e+01,1.099056919861939097e+00,-4.017126385071261296e-01
2.259135692041287058e+00,2.069934456437541215e+01,1.182526233765084278e+01,-3.153686079568862510e+01,1.131541459989840792e+00,-3.408804878358406287e-01
2.347338953804505302e+00,2.056834401223250808e+01,1.217024157420440211e+01,-3.175643294490607005e+01,1.175858939253037194e+00,-2.631754573583569012e-01
2.466520280088041694e+00,2.040919144808306029e+01,1.257703799269992828e+01,-3.201176548594553140e+01,1.237517950320543569e+00,-1.605468584133054877e-01
